id,price,address,bed,bath,type
1,2000,19,1,1,1
2,2335,19,2,2,1
3,2850,19,3,2,1
4,1900,9,1,1,1
5,2250,9,2,2,1
6,3045,9,3,3,1
7,3300,2,2,2,1
8,4200,2,2,2,1
9,4230,2,3,2,1
10,2500,1,1,1,1
11,3245,1,2,2,1
12,3575,1,2,2,1
13,2000,6,1,1,1
14,2400,6,2,2,1
15,3200,6,3,2,1
16,2450,2,1,1,1
17,2900,2,2,2,1
18,3900,2,3,2,1
19,3150,2,2,2,1
20,3572,2,2,2,1
21,4000,2,2,2,1
22,2050,15,2,2,2
23,2350,15,3,3,2
24,2500,15,4,3,2
25,1750,8,1,1,1
26,2450,2,1,1,1
27,1750,18,1,2,1
28,2150,18,2,2,1
29,3250,5,3,2,2
30,2000,6.5,1,1,1
31,2325,6.5,2,2,1
32,3000,6.5,3,2,1
33,1900,18,1,1,1
34,2450,18,2,2,1
35,3000,2,2,2,1
36,6000,2,3,3,1
37,3200,18,3,2,1
38,2150,6,1,1,1
39,2700,6,2,2,1
40,2050,8,1,1,1
41,3650,2,2,2,1
42,3750,2,2,2,1
43,2750,19,2,2,1
44,2000,19,1,1,1
45,2335,19,2,2,1
46,2850,19,3,2,1
47,1900,9,1,1,1
48,2250,9,2,2,1
49,3045,9,3,3,1
50,3300,2,2,2,1
51,4200,2,2,2,1
52,4230,2,3,2,1
53,2500,1,1,1,1
54,3245,1,2,2,1
55,3575,1,2,2,1
56,2000,6,1,1,1
57,2400,6,2,2,1
58,3200,6,3,2,1
59,3150,2,2,2,1
60,3572,2,2,2,1
61,4000,2,2,2,1
62,2450,2,1,1,1
63,2900,2,2,2,1
64,3900,2,3,2,1
65,2050,15,2,2,2
66,2350,15,3,3,2
67,2500,15,4,3,2
68,1750,8,1,1,1
69,2450,2,1,1,1
70,1750,18,1,2,1
71,2150,18,2,2,1
72,3250,5,3,2,2
73,2000,6.5,1,1,1
74,2325,6.5,2,2,1
75,3000,6.5,3,2,1
76,1900,18,1,1,1
77,2450,18,2,2,1
78,3000,2,2,2,1
79,6000,2,3,3,1
80,3200,18,3,2,1
81,2150,6,1,1,1
82,2700,6,2,2,1
83,2050,8,1,1,1
84,3650,2,2,2,1
85,3750,2,2,2,1
86,2750,19,2,2,1
87,2000,19,1,1,1
88,2335,19,2,2,1
89,2850,19,3,2,1
90,1900,9,1,1,1
91,2250,9,2,2,1
92,3045,9,3,3,1
93,3300,2,2,2,1
94,4200,2,2,2,1
95,4230,2,3,2,1
96,2500,1,1,1,1
97,3245,1,2,2,1
98,3575,1,2,2,1
99,2000,6,1,1,1
100,2400,6,2,2,1
101,3200,6,3,2,1
102,2450,2,1,1,1
103,2900,2,2,2,1
104,3900,2,3,2,1
105,3150,2,2,2,1
106,3572,2,2,2,1
107,4000,2,2,2,1
108,2050,15,2,2,2
109,2350,15,3,3,2
110,2500,15,4,3,2
111,1750,8,1,1,1
112,2450,2,1,1,1
113,1750,18,1,2,1
114,2150,18,2,2,1
115,3250,5,3,2,2
116,2000,6.5,1,1,1
117,2325,6.5,2,2,1
118,3000,6.5,3,2,1
119,1900,18,1,1,1
120,2450,18,2,2,1
121,3000,2,2,2,1
122,6000,2,3,3,1
123,3200,18,3,2,1
124,2150,6,1,1,1
125,2700,6,2,2,1
126,2050,8,1,1,1
127,3650,2,2,2,1
128,3750,2,2,2,1
129,2750,19,2,2,1
130,2000,19,1,1,1
131,2335,19,2,2,1
132,2850,19,3,2,1
133,1900,9,1,1,1
134,2250,9,2,2,1
135,3045,9,3,3,1
136,3300,2,2,2,1
137,4200,2,2,2,1
138,4230,2,3,2,1
139,2500,1,1,1,1
140,3245,1,2,2,1
141,3575,1,2,2,1
142,2000,6,1,1,1
143,2400,6,2,2,1
144,3200,6,3,2,1
145,3150,2,2,2,1
146,3572,2,2,2,1
147,4000,2,2,2,1
148,2450,2,1,1,1
149,2900,2,2,2,1
150,3900,2,3,2,1
151,2050,15,2,2,2
152,2350,15,3,3,2
153,2500,15,4,3,2
154,1750,8,1,1,1
155,2450,2,1,1,1
156,1750,18,1,2,1
157,2150,18,2,2,1
158,3250,5,3,2,2
159,2000,6.5,1,1,1
160,2325,6.5,2,2,1
161,3000,6.5,3,2,1
162,1900,18,1,1,1
163,2450,18,2,2,1
164,3000,2,2,2,1
165,6000,2,3,3,1
166,3200,18,3,2,1
167,2150,6,1,1,1
168,2700,6,2,2,1
169,2050,8,1,1,1
170,3650,2,2,2,1
171,3750,2,2,2,1
172,2750,19,2,2,1
173,2000,19,1,1,1
174,2335,19,2,2,1
175,2850,19,3,2,1
176,1900,9,1,1,1
177,2250,9,2,2,1
178,3045,9,3,3,1
179,3300,2,2,2,1
180,4200,2,2,2,1
181,4230,2,3,2,1
182,2500,1,1,1,1
183,3245,1,2,2,1
184,3575,1,2,2,1
185,2000,6,1,1,1
186,2400,6,2,2,1
187,3200,6,3,2,1
188,3150,2,2,2,1
189,3572,2,2,2,1
190,4000,2,2,2,1
191,2450,2,1,1,1
192,2900,2,2,2,1
193,3900,2,3,2,1
194,2050,15,2,2,2
195,2350,15,3,3,2
196,2500,15,4,3,2
197,1750,8,1,1,1
198,2450,2,1,1,1
199,1750,18,1,2,1
200,2150,18,2,2,1
201,3250,5,3,2,2
202,2000,6.5,1,1,1
203,2325,6.5,2,2,1
204,3000,6.5,3,2,1
205,1900,18,1,1,1
206,2450,18,2,2,1
207,3000,2,2,2,1
208,6000,2,3,3,1
209,3200,18,3,2,1
210,2150,6,1,1,1
211,2700,6,2,2,1
212,2050,8,1,1,1
213,3650,2,2,2,1
214,3750,2,2,2,1
215,2750,19,2,2,1
216,2000,19,1,1,1
217,2335,19,2,2,1
218,2850,19,3,2,1
219,1900,9,1,1,1
220,2250,9,2,2,1
221,3045,9,3,3,1
222,3300,2,2,2,1
223,4200,2,2,2,1
224,4230,2,3,2,1
225,2500,1,1,1,1
226,3245,1,2,2,1
227,3575,1,2,2,1
228,2000,6,1,1,1
229,2400,6,2,2,1
230,3200,6,3,2,1
231,3150,2,2,2,1
232,3572,2,2,2,1
233,4000,2,2,2,1
234,2450,2,1,1,1
235,2900,2,2,2,1
236,3900,2,3,2,1
237,2050,15,2,2,2
238,2350,15,3,3,2
239,2500,15,4,3,2
240,1750,8,1,1,1
241,2450,2,1,1,1
242,1750,18,1,2,1
243,2150,18,2,2,1
244,3250,5,3,2,2
245,2000,6.5,1,1,1
246,2325,6.5,2,2,1
247,3000,6.5,3,2,1
248,1900,18,1,1,1
249,2450,18,2,2,1
250,3000,2,2,2,1
251,6000,2,3,3,1
252,3200,18,3,2,1
253,2150,6,1,1,1
254,2700,6,2,2,1
255,2050,8,1,1,1
256,3650,2,2,2,1
257,3750,2,2,2,1
258,2750,19,2,2,1
259,2000,19,1,1,1
260,2335,19,2,2,1
261,2850,19,3,2,1
262,1900,9,1,1,1
263,2250,9,2,2,1
264,3045,9,3,3,1
265,3300,2,2,2,1
266,4200,2,2,2,1
267,4230,2,3,2,1
268,2500,1,1,1,1
269,3245,1,2,2,1
270,3575,1,2,2,1
271,2000,6,1,1,1
272,2400,6,2,2,1
273,3200,6,3,2,1
274,2450,2,1,1,1
275,2900,2,2,2,1
276,3900,2,3,2,1
277,3150,2,2,2,1
278,3572,2,2,2,1
279,4000,2,2,2,1
280,2050,15,2,2,2
281,2350,15,3,3,2
282,2500,15,4,3,2
283,1750,8,1,1,1
284,2450,2,1,1,1
285,1750,18,1,2,1
286,2150,18,2,2,1
287,3250,5,3,2,2
288,2000,6.5,1,1,1
289,2325,6.5,2,2,1
290,3000,6.5,3,2,1
291,1900,18,1,1,1
292,2450,18,2,2,1
293,3000,2,2,2,1
294,6000,2,3,3,1
295,3200,18,3,2,1
296,2150,6,1,1,1
297,2700,6,2,2,1
298,2050,8,1,1,1
299,3650,2,2,2,1
300,3750,2,2,2,1
301,2750,19,2,2,1
302,2000,19,1,1,1
303,2335,19,2,2,1
304,2850,19,3,2,1
305,1900,9,1,1,1
306,2250,9,2,2,1
307,3045,9,3,3,1
308,3300,2,2,2,1
309,4200,2,2,2,1
310,4230,2,3,2,1
311,2500,1,1,1,1
312,3245,1,2,2,1
313,3575,1,2,2,1
314,2000,6,1,1,1
315,2400,6,2,2,1
316,3200,6,3,2,1
317,2450,2,1,1,1
318,2900,2,2,2,1
319,3900,2,3,2,1
320,3150,2,2,2,1
321,3572,2,2,2,1
322,4000,2,2,2,1
323,2050,15,2,2,2
324,2350,15,3,3,2
325,2500,15,4,3,2
326,1750,8,1,1,1
327,2450,2,1,1,1
328,1750,18,1,2,1
329,2150,18,2,2,1
330,3250,5,3,2,2
331,2000,6.5,1,1,1
332,2325,6.5,2,2,1
333,3000,6.5,3,2,1
334,1900,18,1,1,1
335,2450,18,2,2,1
336,3000,2,2,2,1
337,6000,2,3,3,1
338,3200,18,3,2,1
339,2150,6,1,1,1
340,2700,6,2,2,1
341,2050,8,1,1,1
342,3650,2,2,2,1
343,3750,2,2,2,1
344,2750,19,2,2,1
345,2000,19,1,1,1
346,2335,19,2,2,1
347,2850,19,3,2,1
348,1900,9,1,1,1
349,2250,9,2,2,1
350,3045,9,3,3,1
351,3300,2,2,2,1
352,4200,2,2,2,1
353,4230,2,3,2,1
354,2500,1,1,1,1
355,3245,1,2,2,1
356,3575,1,2,2,1
357,2000,6,1,1,1
358,2400,6,2,2,1
359,3200,6,3,2,1
360,3150,2,2,2,1
361,3572,2,2,2,1
362,4000,2,2,2,1
363,2450,2,1,1,1
364,2900,2,2,2,1
365,3900,2,3,2,1
366,2050,15,2,2,2
367,2350,15,3,3,2
368,2500,15,4,3,2
369,1750,8,1,1,1
370,2450,2,1,1,1
371,1750,18,1,2,1
372,2150,18,2,2,1
373,3250,5,3,2,2
374,2000,6.5,1,1,1
375,2325,6.5,2,2,1
376,3000,6.5,3,2,1
377,1900,18,1,1,1
378,2450,18,2,2,1
379,3000,2,2,2,1
380,6000,2,3,3,1
381,3200,18,3,2,1
382,2150,6,1,1,1
383,2700,6,2,2,1
384,2050,8,1,1,1
385,3650,2,2,2,1
386,3750,2,2,2,1
387,2750,19,2,2,1
388,2000,19,1,1,1
389,2335,19,2,2,1
390,2850,19,3,2,1
391,1900,9,1,1,1
392,2250,9,2,2,1
393,3045,9,3,3,1
394,3300,2,2,2,1
395,4200,2,2,2,1
396,4230,2,3,2,1
397,2500,1,1,1,1
398,3245,1,2,2,1
399,3575,1,2,2,1
400,2000,6,1,1,1
401,2400,6,2,2,1
402,3200,6,3,2,1
403,2450,2,1,1,1
404,2900,2,2,2,1
405,3900,2,3,2,1
406,3150,2,2,2,1
407,3572,2,2,2,1
408,4000,2,2,2,1
409,2050,15,2,2,2
410,2350,15,3,3,2
411,2500,15,4,3,2
412,1750,8,1,1,1
413,2450,2,1,1,1
414,1750,18,1,2,1
415,2150,18,2,2,1
416,3250,5,3,2,2
417,2000,6.5,1,1,1
418,2325,6.5,2,2,1
419,3000,6.5,3,2,1
420,1900,18,1,1,1
421,2450,18,2,2,1
422,3000,2,2,2,1
423,6000,2,3,3,1
424,3200,18,3,2,1
425,2150,6,1,1,1
426,2700,6,2,2,1
427,2050,8,1,1,1
428,3650,2,2,2,1
429,3750,2,2,2,1
430,2750,19,2,2,1
431,2000,19,1,1,1
432,2335,19,2,2,1
433,2850,19,3,2,1
434,1900,9,1,1,1
435,2250,9,2,2,1
436,3045,9,3,3,1
437,3300,2,2,2,1
438,4200,2,2,2,1
439,4230,2,3,2,1
440,2500,1,1,1,1
441,3245,1,2,2,1
442,3575,1,2,2,1
443,2000,6,1,1,1
444,2400,6,2,2,1
445,3200,6,3,2,1
446,3150,2,2,2,1
447,3572,2,2,2,1
448,4000,2,2,2,1
449,2450,2,1,1,1
450,2900,2,2,2,1
451,3900,2,3,2,1
452,2050,15,2,2,2
453,2350,15,3,3,2
454,2500,15,4,3,2
455,1750,8,1,1,1
456,2450,2,1,1,1
457,1750,18,1,2,1
458,2150,18,2,2,1
459,3250,5,3,2,2
460,2000,6.5,1,1,1
461,2325,6.5,2,2,1
462,3000,6.5,3,2,1
463,1900,18,1,1,1
464,2450,18,2,2,1
465,3000,2,2,2,1
466,6000,2,3,3,1
467,3200,18,3,2,1
468,2150,6,1,1,1
469,2700,6,2,2,1
470,2050,8,1,1,1
471,3650,2,2,2,1
472,3750,2,2,2,1
473,2750,19,2,2,1
474,2000,19,1,1,1
475,2335,19,2,2,1
476,2850,19,3,2,1
477,1900,9,1,1,1
478,2250,9,2,2,1
479,3045,9,3,3,1
480,3300,2,2,2,1
481,4200,2,2,2,1
482,4230,2,3,2,1
483,2500,1,1,1,1
484,3245,1,2,2,1
485,3575,1,2,2,1
486,2000,6,1,1,1
487,2400,6,2,2,1
488,3200,6,3,2,1
489,3150,2,2,2,1
490,3572,2,2,2,1
491,4000,2,2,2,1
492,2450,2,1,1,1
493,2900,2,2,2,1
494,3900,2,3,2,1
495,2050,15,2,2,2
496,2350,15,3,3,2
497,2500,15,4,3,2
498,1750,8,1,1,1
499,2450,2,1,1,1
500,1750,18,1,2,1
501,2150,18,2,2,1
502,3250,5,3,2,2
503,2000,6.5,1,1,1
504,2325,6.5,2,2,1
505,3000,6.5,3,2,1
506,1900,18,1,1,1
507,2450,18,2,2,1
508,3000,2,2,2,1
509,6000,2,3,3,1
510,3200,18,3,2,1
511,2150,6,1,1,1
512,2700,6,2,2,1
513,2050,8,1,1,1
514,3650,2,2,2,1
515,3750,2,2,2,1
516,2750,19,2,2,1
517,2000,19,1,1,1
518,2335,19,2,2,1
519,2850,19,3,2,1
520,1900,9,1,1,1
521,2250,9,2,2,1
522,3045,9,3,3,1
523,3300,2,2,2,1
524,4200,2,2,2,1
525,4230,2,3,2,1
526,2500,1,1,1,1
527,3245,1,2,2,1
528,3575,1,2,2,1
529,2000,6,1,1,1
530,2400,6,2,2,1
531,3200,6,3,2,1
532,3150,2,2,2,1
533,3572,2,2,2,1
534,4000,2,2,2,1
535,2450,2,1,1,1
536,2900,2,2,2,1
537,3900,2,3,2,1
538,2050,15,2,2,2
539,2350,15,3,3,2
540,2500,15,4,3,2
541,1750,8,1,1,1
542,2450,2,1,1,1
543,1750,18,1,2,1
544,2150,18,2,2,1
545,3250,5,3,2,2
546,2000,6.5,1,1,1
547,2325,6.5,2,2,1
548,3000,6.5,3,2,1
549,1900,18,1,1,1
550,2450,18,2,2,1
551,3000,2,2,2,1
552,6000,2,3,3,1
553,3200,18,3,2,1
554,2150,6,1,1,1
555,2700,6,2,2,1
556,2050,8,1,1,1
557,3650,2,2,2,1
558,3750,2,2,2,1
559,2750,19,2,2,1
560,2000,19,1,1,1
561,2335,19,2,2,1
562,2850,19,3,2,1
563,1900,9,1,1,1
564,2250,9,2,2,1
565,3045,9,3,3,1
566,3300,2,2,2,1
567,4200,2,2,2,1
568,4230,2,3,2,1
569,2500,1,1,1,1
570,3245,1,2,2,1
571,3575,1,2,2,1
572,2000,6,1,1,1
573,2400,6,2,2,1
574,3200,6,3,2,1
575,2450,2,1,1,1
576,2900,2,2,2,1
577,3900,2,3,2,1
578,3150,2,2,2,1
579,3572,2,2,2,1
580,4000,2,2,2,1
581,2050,15,2,2,2
582,2350,15,3,3,2
583,2500,15,4,3,2
584,1750,8,1,1,1
585,2450,2,1,1,1
586,1750,18,1,2,1
587,2150,18,2,2,1
588,3250,5,3,2,2
589,2000,6.5,1,1,1
590,2325,6.5,2,2,1
591,3000,6.5,3,2,1
592,1900,18,1,1,1
593,2450,18,2,2,1
594,3000,2,2,2,1
595,6000,2,3,3,1
596,3200,18,3,2,1
597,2150,6,1,1,1
598,2700,6,2,2,1
599,2050,8,1,1,1
600,3650,2,2,2,1
601,3750,2,2,2,1
602,2750,19,2,2,1
603,2000,19,1,1,1
604,2335,19,2,2,1
605,2850,19,3,2,1
606,1900,9,1,1,1
607,2250,9,2,2,1
608,3045,9,3,3,1
609,3300,2,2,2,1
610,4200,2,2,2,1
611,4230,2,3,2,1
612,2500,1,1,1,1
613,3245,1,2,2,1
614,3575,1,2,2,1
615,2000,6,1,1,1
616,2400,6,2,2,1
617,3200,6,3,2,1
618,2450,2,1,1,1
619,2900,2,2,2,1
620,3900,2,3,2,1
621,3150,2,2,2,1
622,3572,2,2,2,1
623,4000,2,2,2,1
624,2050,15,2,2,2
625,2350,15,3,3,2
626,2500,15,4,3,2
627,1750,8,1,1,1
628,2450,2,1,1,1
629,1750,18,1,2,1
630,2150,18,2,2,1
631,3250,5,3,2,2
632,2000,6.5,1,1,1
633,2325,6.5,2,2,1
634,3000,6.5,3,2,1
635,1900,18,1,1,1
636,2450,18,2,2,1
637,3000,2,2,2,1
638,6000,2,3,3,1
639,3200,18,3,2,1
640,2150,6,1,1,1
641,2700,6,2,2,1
642,2050,8,1,1,1
643,3650,2,2,2,1
644,3750,2,2,2,1
645,2750,19,2,2,1
646,2000,19,1,1,1
647,2335,19,2,2,1
648,2850,19,3,2,1
649,1900,9,1,1,1
650,2250,9,2,2,1
651,3045,9,3,3,1
652,3300,2,2,2,1
653,4200,2,2,2,1
654,4230,2,3,2,1
655,2500,1,1,1,1
656,3245,1,2,2,1
657,3575,1,2,2,1
658,2000,6,1,1,1
659,2400,6,2,2,1
660,3200,6,3,2,1
661,2450,2,1,1,1
662,2900,2,2,2,1
663,3900,2,3,2,1
664,3150,2,2,2,1
665,3572,2,2,2,1
666,4000,2,2,2,1
667,2050,15,2,2,2
668,2350,15,3,3,2
669,2500,15,4,3,2
670,1750,8,1,1,1
671,2450,2,1,1,1
672,1750,18,1,2,1
673,2150,18,2,2,1
674,3250,5,3,2,2
675,2000,6.5,1,1,1
676,2325,6.5,2,2,1
677,3000,6.5,3,2,1
678,1900,18,1,1,1
679,2450,18,2,2,1
680,3000,2,2,2,1
681,6000,2,3,3,1
682,3200,18,3,2,1
683,2150,6,1,1,1
684,2700,6,2,2,1
685,2050,8,1,1,1
686,3650,2,2,2,1
687,3750,2,2,2,1
688,2750,19,2,2,1
689,2000,19,1,1,1
690,2335,19,2,2,1
691,2850,19,3,2,1
692,1900,9,1,1,1
693,2250,9,2,2,1
694,3045,9,3,3,1
695,3300,2,2,2,1
696,4200,2,2,2,1
697,4230,2,3,2,1
698,2500,1,1,1,1
699,3245,1,2,2,1
700,3575,1,2,2,1
701,2000,6,1,1,1
702,2400,6,2,2,1
703,3200,6,3,2,1
704,2450,2,1,1,1
705,2900,2,2,2,1
706,3900,2,3,2,1
707,3150,2,2,2,1
708,3572,2,2,2,1
709,4000,2,2,2,1
710,2050,15,2,2,2
711,2350,15,3,3,2
712,2500,15,4,3,2
713,1750,8,1,1,1
714,2450,2,1,1,1
715,1750,18,1,2,1
716,2150,18,2,2,1
717,3250,5,3,2,2
718,2000,6.5,1,1,1
719,2325,6.5,2,2,1
720,3000,6.5,3,2,1
721,1900,18,1,1,1
722,2450,18,2,2,1
723,3000,2,2,2,1
724,6000,2,3,3,1
725,3200,18,3,2,1
726,2150,6,1,1,1
727,2700,6,2,2,1
728,2050,8,1,1,1
729,3650,2,2,2,1
730,3750,2,2,2,1
731,2750,19,2,2,1
732,2000,19,1,1,1
733,2335,19,2,2,1
734,2850,19,3,2,1
735,1900,9,1,1,1
736,2250,9,2,2,1
737,3045,9,3,3,1
738,3300,2,2,2,1
739,4200,2,2,2,1
740,4230,2,3,2,1
741,2500,1,1,1,1
742,3245,1,2,2,1
743,3575,1,2,2,1
744,2000,6,1,1,1
745,2400,6,2,2,1
746,3200,6,3,2,1
747,3150,2,2,2,1
748,3572,2,2,2,1
749,4000,2,2,2,1
750,2450,2,1,1,1
751,2900,2,2,2,1
752,3900,2,3,2,1
753,2050,15,2,2,2
754,2350,15,3,3,2
755,2500,15,4,3,2
756,1750,8,1,1,1
757,2450,2,1,1,1
758,1750,18,1,2,1
759,2150,18,2,2,1
760,3250,5,3,2,2
761,2000,6.5,1,1,1
762,2325,6.5,2,2,1
763,3000,6.5,3,2,1
764,1900,18,1,1,1
765,2450,18,2,2,1
766,3000,2,2,2,1
767,6000,2,3,3,1
768,3200,18,3,2,1
769,2150,6,1,1,1
770,2700,6,2,2,1
771,2050,8,1,1,1
772,3650,2,2,2,1
773,3750,2,2,2,1
774,2750,19,2,2,1
775,2000,19,1,1,1
776,2335,19,2,2,1
777,2850,19,3,2,1
778,1900,9,1,1,1
779,2250,9,2,2,1
780,3045,9,3,3,1
781,3300,2,2,2,1
782,4200,2,2,2,1
783,4230,2,3,2,1
784,2500,1,1,1,1
785,3245,1,2,2,1
786,3575,1,2,2,1
787,2000,6,1,1,1
788,2400,6,2,2,1
789,3200,6,3,2,1
790,3150,2,2,2,1
791,3572,2,2,2,1
792,4000,2,2,2,1
793,2450,2,1,1,1
794,2900,2,2,2,1
795,3900,2,3,2,1
796,2050,15,2,2,2
797,2350,15,3,3,2
798,2500,15,4,3,2
799,1750,8,1,1,1
800,2450,2,1,1,1
801,1750,18,1,2,1
802,2150,18,2,2,1
803,3250,5,3,2,2
804,2000,6.5,1,1,1
805,2325,6.5,2,2,1
806,3000,6.5,3,2,1
807,1900,18,1,1,1
808,2450,18,2,2,1
809,3000,2,2,2,1
810,6000,2,3,3,1
811,3200,18,3,2,1
812,2150,6,1,1,1
813,2700,6,2,2,1
814,2050,8,1,1,1
815,3650,2,2,2,1
816,3750,2,2,2,1
817,2750,19,2,2,1
818,2000,19,1,1,1
819,2335,19,2,2,1
820,2850,19,3,2,1
821,1900,9,1,1,1
822,2250,9,2,2,1
823,3045,9,3,3,1
824,3300,2,2,2,1
825,4200,2,2,2,1
826,4230,2,3,2,1
827,2500,1,1,1,1
828,3245,1,2,2,1
829,3575,1,2,2,1
830,2000,6,1,1,1
831,2400,6,2,2,1
832,3200,6,3,2,1
833,2450,2,1,1,1
834,2900,2,2,2,1
835,3900,2,3,2,1
836,3150,2,2,2,1
837,3572,2,2,2,1
838,4000,2,2,2,1
839,2050,15,2,2,2
840,2350,15,3,3,2
841,2500,15,4,3,2
842,1750,8,1,1,1
843,2450,2,1,1,1
844,1750,18,1,2,1
845,2150,18,2,2,1
846,3250,5,3,2,2
847,2000,6.5,1,1,1
848,2325,6.5,2,2,1
849,3000,6.5,3,2,1
850,1900,18,1,1,1
851,2450,18,2,2,1
852,3000,2,2,2,1
853,6000,2,3,3,1
854,3200,18,3,2,1
855,2150,6,1,1,1
856,2700,6,2,2,1
857,2050,8,1,1,1
858,3650,2,2,2,1
859,3750,2,2,2,1
860,2750,19,2,2,1
861,2000,19,1,1,1
862,2335,19,2,2,1
863,2850,19,3,2,1
864,1900,9,1,1,1
865,2250,9,2,2,1
866,3045,9,3,3,1
867,3300,2,2,2,1
868,4200,2,2,2,1
869,4230,2,3,2,1
870,2500,1,1,1,1
871,3245,1,2,2,1
872,3575,1,2,2,1
873,2000,6,1,1,1
874,2400,6,2,2,1
875,3200,6,3,2,1
876,2450,2,1,1,1
877,2900,2,2,2,1
878,3900,2,3,2,1
879,3150,2,2,2,1
880,3572,2,2,2,1
881,4000,2,2,2,1
882,2050,15,2,2,2
883,2350,15,3,3,2
884,2500,15,4,3,2
885,1750,8,1,1,1
886,2450,2,1,1,1
887,1750,18,1,2,1
888,2150,18,2,2,1
889,3250,5,3,2,2
890,2000,6.5,1,1,1
891,2325,6.5,2,2,1
892,3000,6.5,3,2,1
893,1900,18,1,1,1
894,2450,18,2,2,1
895,3000,2,2,2,1
896,6000,2,3,3,1
897,3200,18,3,2,1
898,2150,6,1,1,1
899,2700,6,2,2,1
900,2050,8,1,1,1
901,3650,2,2,2,1
902,3750,2,2,2,1
903,2750,19,2,2,1
904,2000,19,1,1,1
905,2335,19,2,2,1
906,2850,19,3,2,1
907,1900,9,1,1,1
908,2250,9,2,2,1
909,3045,9,3,3,1
910,3300,2,2,2,1
911,4200,2,2,2,1
912,4230,2,3,2,1
913,2500,1,1,1,1
914,3245,1,2,2,1
915,3575,1,2,2,1
916,2000,6,1,1,1
917,2400,6,2,2,1
918,3200,6,3,2,1
919,3150,2,2,2,1
920,3572,2,2,2,1
921,4000,2,2,2,1
922,2450,2,1,1,1
923,2900,2,2,2,1
924,3900,2,3,2,1
925,2050,15,2,2,2
926,2350,15,3,3,2
927,2500,15,4,3,2
928,1750,8,1,1,1
929,2450,2,1,1,1
930,1750,18,1,2,1
931,2150,18,2,2,1
932,3250,5,3,2,2
933,2000,6.5,1,1,1
934,2325,6.5,2,2,1
935,3000,6.5,3,2,1
936,1900,18,1,1,1
937,2450,18,2,2,1
938,3000,2,2,2,1
939,6000,2,3,3,1
940,3200,18,3,2,1
941,2150,6,1,1,1
942,2700,6,2,2,1
943,2050,8,1,1,1
944,3650,2,2,2,1
945,3750,2,2,2,1
946,2750,19,2,2,1
947,2000,19,1,1,1
948,2335,19,2,2,1
949,2850,19,3,2,1
950,1900,9,1,1,1
951,2250,9,2,2,1
952,3045,9,3,3,1
953,3300,2,2,2,1
954,4200,2,2,2,1
955,4230,2,3,2,1
956,2500,1,1,1,1
957,3245,1,2,2,1
958,3575,1,2,2,1
959,2000,6,1,1,1
960,2400,6,2,2,1
961,3200,6,3,2,1
962,2450,2,1,1,1
963,2900,2,2,2,1
964,3900,2,3,2,1
965,3150,2,2,2,1
966,3572,2,2,2,1
967,4000,2,2,2,1
968,2050,15,2,2,2
969,2350,15,3,3,2
970,2500,15,4,3,2
971,1750,8,1,1,1
972,2450,2,1,1,1
973,1750,18,1,2,1
974,2150,18,2,2,1
975,3250,5,3,2,2
976,2000,6.5,1,1,1
977,2325,6.5,2,2,1
978,3000,6.5,3,2,1
979,1900,18,1,1,1
980,2450,18,2,2,1
981,3000,2,2,2,1
982,6000,2,3,3,1
983,3200,18,3,2,1
984,2150,6,1,1,1
985,2700,6,2,2,1
986,2050,8,1,1,1
987,3650,2,2,2,1
988,3750,2,2,2,1
989,2750,19,2,2,1
990,2000,19,1,1,1
991,2335,19,2,2,1
992,2850,19,3,2,1
993,1900,9,1,1,1
994,2250,9,2,2,1
995,3045,9,3,3,1
996,3300,2,2,2,1
997,4200,2,2,2,1
998,4230,2,3,2,1
999,2500,1,1,1,1
1000,3245,1,2,2,1
1001,3575,1,2,2,1
1002,2000,6,1,1,1
1003,2400,6,2,2,1
1004,3200,6,3,2,1
1005,3150,2,2,2,1
1006,3572,2,2,2,1
1007,4000,2,2,2,1
1008,2450,2,1,1,1
1009,2900,2,2,2,1
1010,3900,2,3,2,1
1011,2050,15,2,2,2
1012,2350,15,3,3,2
1013,2500,15,4,3,2
1014,1750,8,1,1,1
1015,2450,2,1,1,1
1016,1750,18,1,2,1
1017,2150,18,2,2,1
1018,3250,5,3,2,2
1019,2000,6.5,1,1,1
1020,2325,6.5,2,2,1
1021,3000,6.5,3,2,1
1022,1900,18,1,1,1
1023,2450,18,2,2,1
1024,3000,2,2,2,1
1025,6000,2,3,3,1
1026,3200,18,3,2,1
1027,2150,6,1,1,1
1028,2700,6,2,2,1
1029,2050,8,1,1,1
1030,3650,2,2,2,1
1031,3750,2,2,2,1
1032,2750,19,2,2,1
1033,2000,19,1,1,1
1034,2335,19,2,2,1
1035,2850,19,3,2,1
1036,1900,9,1,1,1
1037,2250,9,2,2,1
1038,3045,9,3,3,1
1039,3300,2,2,2,1
1040,4200,2,2,2,1
1041,4230,2,3,2,1
1042,2500,1,1,1,1
1043,3245,1,2,2,1
1044,3575,1,2,2,1
1045,2000,6,1,1,1
1046,2400,6,2,2,1
1047,3200,6,3,2,1
1048,3150,2,2,2,1
1049,3572,2,2,2,1
1050,4000,2,2,2,1
1051,2450,2,1,1,1
1052,2900,2,2,2,1
1053,3900,2,3,2,1
1054,2050,15,2,2,2
1055,2350,15,3,3,2
1056,2500,15,4,3,2
1057,1750,8,1,1,1
1058,2450,2,1,1,1
1059,1750,18,1,2,1
1060,2150,18,2,2,1
1061,3250,5,3,2,2
1062,2000,6.5,1,1,1
1063,2325,6.5,2,2,1
1064,3000,6.5,3,2,1
1065,1900,18,1,1,1
1066,2450,18,2,2,1
1067,3000,2,2,2,1
1068,6000,2,3,3,1
1069,3200,18,3,2,1
1070,2150,6,1,1,1
1071,2700,6,2,2,1
1072,2050,8,1,1,1
1073,3650,2,2,2,1
1074,3750,2,2,2,1
1075,2750,19,2,2,1
1076,2000,19,1,1,1
1077,2335,19,2,2,1
1078,2850,19,3,2,1
1079,1900,9,1,1,1
1080,2250,9,2,2,1
1081,3045,9,3,3,1
1082,3300,2,2,2,1
1083,4200,2,2,2,1
1084,4230,2,3,2,1
1085,2500,1,1,1,1
1086,3245,1,2,2,1
1087,3575,1,2,2,1
1088,2000,6,1,1,1
1089,2400,6,2,2,1
1090,3200,6,3,2,1
1091,3150,2,2,2,1
1092,3572,2,2,2,1
1093,4000,2,2,2,1
1094,2450,2,1,1,1
1095,2900,2,2,2,1
1096,3900,2,3,2,1
1097,2050,15,2,2,2
1098,2350,15,3,3,2
1099,2500,15,4,3,2
1100,1750,8,1,1,1
1101,2450,2,1,1,1
1102,1750,18,1,2,1
1103,2150,18,2,2,1
1104,3250,5,3,2,2
1105,2000,6.5,1,1,1
1106,2325,6.5,2,2,1
1107,3000,6.5,3,2,1
1108,1900,18,1,1,1
1109,2450,18,2,2,1
1110,3000,2,2,2,1
1111,6000,2,3,3,1
1112,3200,18,3,2,1
1113,2150,6,1,1,1
1114,2700,6,2,2,1
1115,2050,8,1,1,1
1116,3650,2,2,2,1
1117,3750,2,2,2,1
1118,2750,19,2,2,1
1119,2000,19,1,1,1
1120,2335,19,2,2,1
1121,2850,19,3,2,1
1122,1900,9,1,1,1
1123,2250,9,2,2,1
1124,3045,9,3,3,1
1125,3300,2,2,2,1
1126,4200,2,2,2,1
1127,4230,2,3,2,1
1128,2500,1,1,1,1
1129,3245,1,2,2,1
1130,3575,1,2,2,1
1131,2000,6,1,1,1
1132,2400,6,2,2,1
1133,3200,6,3,2,1
1134,2450,2,1,1,1
1135,2900,2,2,2,1
1136,3900,2,3,2,1
1137,3150,2,2,2,1
1138,3572,2,2,2,1
1139,4000,2,2,2,1
1140,2050,15,2,2,2
1141,2350,15,3,3,2
1142,2500,15,4,3,2
1143,1750,8,1,1,1
1144,2450,2,1,1,1
1145,1750,18,1,2,1
1146,2150,18,2,2,1
1147,3250,5,3,2,2
1148,2000,6.5,1,1,1
1149,2325,6.5,2,2,1
1150,3000,6.5,3,2,1
1151,1900,18,1,1,1
1152,2450,18,2,2,1
1153,3000,2,2,2,1
1154,6000,2,3,3,1
1155,3200,18,3,2,1
1156,2150,6,1,1,1
1157,2700,6,2,2,1
1158,2050,8,1,1,1
1159,3650,2,2,2,1
1160,3750,2,2,2,1
1161,2750,19,2,2,1
1162,2000,19,1,1,1
1163,2335,19,2,2,1
1164,2850,19,3,2,1
1165,1900,9,1,1,1
1166,2250,9,2,2,1
1167,3045,9,3,3,1
1168,3300,2,2,2,1
1169,4200,2,2,2,1
1170,4230,2,3,2,1
1171,2500,1,1,1,1
1172,3245,1,2,2,1
1173,3575,1,2,2,1
1174,2000,6,1,1,1
1175,2400,6,2,2,1
1176,3200,6,3,2,1
1177,3150,2,2,2,1
1178,3572,2,2,2,1
1179,4000,2,2,2,1
1180,2450,2,1,1,1
1181,2900,2,2,2,1
1182,3900,2,3,2,1
1183,2050,15,2,2,2
1184,2350,15,3,3,2
1185,2500,15,4,3,2
1186,1750,8,1,1,1
1187,2450,2,1,1,1
1188,1750,18,1,2,1
1189,2150,18,2,2,1
1190,3250,5,3,2,2
1191,2000,6.5,1,1,1
1192,2325,6.5,2,2,1
1193,3000,6.5,3,2,1
1194,1900,18,1,1,1
1195,2450,18,2,2,1
1196,3000,2,2,2,1
1197,6000,2,3,3,1
1198,3200,18,3,2,1
1199,2150,6,1,1,1
1200,2700,6,2,2,1
1201,2050,8,1,1,1
1202,3650,2,2,2,1
1203,3750,2,2,2,1
1204,2750,19,2,2,1
1205,2000,19,1,1,1
1206,2335,19,2,2,1
1207,2850,19,3,2,1
1208,1900,9,1,1,1
1209,2250,9,2,2,1
1210,3045,9,3,3,1
1211,3300,2,2,2,1
1212,4200,2,2,2,1
1213,4230,2,3,2,1
1214,2500,1,1,1,1
1215,3245,1,2,2,1
1216,3575,1,2,2,1
1217,2000,6,1,1,1
1218,2400,6,2,2,1
1219,3200,6,3,2,1
1220,3150,2,2,2,1
1221,3572,2,2,2,1
1222,4000,2,2,2,1
1223,2450,2,1,1,1
1224,2900,2,2,2,1
1225,3900,2,3,2,1
1226,2050,15,2,2,2
1227,2350,15,3,3,2
1228,2500,15,4,3,2
1229,1750,8,1,1,1
1230,2450,2,1,1,1
1231,1750,18,1,2,1
1232,2150,18,2,2,1
1233,3250,5,3,2,2
1234,2000,6.5,1,1,1
1235,2325,6.5,2,2,1
1236,3000,6.5,3,2,1
1237,1900,18,1,1,1
1238,2450,18,2,2,1
1239,3000,2,2,2,1
1240,6000,2,3,3,1
1241,3200,18,3,2,1
1242,2150,6,1,1,1
1243,2700,6,2,2,1
1244,2050,8,1,1,1
1245,3650,2,2,2,1
1246,3750,2,2,2,1
1247,2750,19,2,2,1
1248,2000,19,1,1,1
1249,2335,19,2,2,1
1250,2850,19,3,2,1
1251,1900,9,1,1,1
1252,2250,9,2,2,1
1253,3045,9,3,3,1
1254,3300,2,2,2,1
1255,4200,2,2,2,1
1256,4230,2,3,2,1
1257,2500,1,1,1,1
1258,3245,1,2,2,1
1259,3575,1,2,2,1
1260,2000,6,1,1,1
1261,2400,6,2,2,1
1262,3200,6,3,2,1
1263,3150,2,2,2,1
1264,3572,2,2,2,1
1265,4000,2,2,2,1
1266,2450,2,1,1,1
1267,2900,2,2,2,1
1268,3900,2,3,2,1
1269,2050,15,2,2,2
1270,2350,15,3,3,2
1271,2500,15,4,3,2
1272,1750,8,1,1,1
1273,2450,2,1,1,1
1274,1750,18,1,2,1
1275,2150,18,2,2,1
1276,3250,5,3,2,2
1277,2000,6.5,1,1,1
1278,2325,6.5,2,2,1
1279,3000,6.5,3,2,1
1280,1900,18,1,1,1
1281,2450,18,2,2,1
1282,3000,2,2,2,1
1283,6000,2,3,3,1
1284,3200,18,3,2,1
1285,2150,6,1,1,1
1286,2700,6,2,2,1
1287,2050,8,1,1,1
1288,3650,2,2,2,1
1289,3750,2,2,2,1
1290,2750,19,2,2,1
1291,2000,19,1,1,1
1292,2335,19,2,2,1
1293,2850,19,3,2,1
1294,1900,9,1,1,1
1295,2250,9,2,2,1
1296,3045,9,3,3,1
1297,3300,2,2,2,1
1298,4200,2,2,2,1
1299,4230,2,3,2,1
1300,2500,1,1,1,1
1301,3245,1,2,2,1
1302,3575,1,2,2,1
1303,2000,6,1,1,1
1304,2400,6,2,2,1
1305,3200,6,3,2,1
1306,2450,2,1,1,1
1307,2900,2,2,2,1
1308,3900,2,3,2,1
1309,3150,2,2,2,1
1310,3572,2,2,2,1
1311,4000,2,2,2,1
1312,2050,15,2,2,2
1313,2350,15,3,3,2
1314,2500,15,4,3,2
1315,1750,8,1,1,1
1316,2450,2,1,1,1
1317,1750,18,1,2,1
1318,2150,18,2,2,1
1319,3250,5,3,2,2
1320,2000,6.5,1,1,1
1321,2325,6.5,2,2,1
1322,3000,6.5,3,2,1
1323,1900,18,1,1,1
1324,2450,18,2,2,1
1325,3000,2,2,2,1
1326,6000,2,3,3,1
1327,3200,18,3,2,1
1328,2150,6,1,1,1
1329,2700,6,2,2,1
1330,2050,8,1,1,1
1331,3650,2,2,2,1
1332,3750,2,2,2,1
1333,2750,19,2,2,1
1334,2000,19,1,1,1
1335,2335,19,2,2,1
1336,2850,19,3,2,1
1337,1900,9,1,1,1
1338,2250,9,2,2,1
1339,3045,9,3,3,1
1340,3300,2,2,2,1
1341,4200,2,2,2,1
1342,4230,2,3,2,1
1343,2500,1,1,1,1
1344,3245,1,2,2,1
1345,3575,1,2,2,1
1346,2000,6,1,1,1
1347,2400,6,2,2,1
1348,3200,6,3,2,1
1349,2450,2,1,1,1
1350,2900,2,2,2,1
1351,3900,2,3,2,1
1352,3150,2,2,2,1
1353,3572,2,2,2,1
1354,4000,2,2,2,1
1355,2050,15,2,2,2
1356,2350,15,3,3,2
1357,2500,15,4,3,2
1358,1750,8,1,1,1
1359,2450,2,1,1,1
1360,1750,18,1,2,1
1361,2150,18,2,2,1
1362,3250,5,3,2,2
1363,2000,6.5,1,1,1
1364,2325,6.5,2,2,1
1365,3000,6.5,3,2,1
1366,1900,18,1,1,1
1367,2450,18,2,2,1
1368,3000,2,2,2,1
1369,6000,2,3,3,1
1370,3200,18,3,2,1
1371,2150,6,1,1,1
1372,2700,6,2,2,1
1373,2050,8,1,1,1
1374,3650,2,2,2,1
1375,3750,2,2,2,1
1376,2750,19,2,2,1
1377,2000,19,1,1,1
1378,2335,19,2,2,1
1379,2850,19,3,2,1
1380,1900,9,1,1,1
1381,2250,9,2,2,1
1382,3045,9,3,3,1
1383,3300,2,2,2,1
1384,4200,2,2,2,1
1385,4230,2,3,2,1
1386,2500,1,1,1,1
1387,3245,1,2,2,1
1388,3575,1,2,2,1
1389,2000,6,1,1,1
1390,2400,6,2,2,1
1391,3200,6,3,2,1
1392,2450,2,1,1,1
1393,2900,2,2,2,1
1394,3900,2,3,2,1
1395,3150,2,2,2,1
1396,3572,2,2,2,1
1397,4000,2,2,2,1
1398,2050,15,2,2,2
1399,2350,15,3,3,2
1400,2500,15,4,3,2
1401,1750,8,1,1,1
1402,2450,2,1,1,1
1403,1750,18,1,2,1
1404,2150,18,2,2,1
1405,3250,5,3,2,2
1406,2000,6.5,1,1,1
1407,2325,6.5,2,2,1
1408,3000,6.5,3,2,1
1409,1900,18,1,1,1
1410,2450,18,2,2,1
1411,3000,2,2,2,1
1412,6000,2,3,3,1
1413,3200,18,3,2,1
1414,2150,6,1,1,1
1415,2700,6,2,2,1
1416,2050,8,1,1,1
1417,3650,2,2,2,1
1418,3750,2,2,2,1
1419,2750,19,2,2,1
1420,2000,19,1,1,1
1421,2335,19,2,2,1
1422,2850,19,3,2,1
1423,1900,9,1,1,1
1424,2250,9,2,2,1
1425,3045,9,3,3,1
1426,3300,2,2,2,1
1427,4200,2,2,2,1
1428,4230,2,3,2,1
1429,2500,1,1,1,1
1430,3245,1,2,2,1
1431,3575,1,2,2,1
1432,2000,6,1,1,1
1433,2400,6,2,2,1
1434,3200,6,3,2,1
1435,3150,2,2,2,1
1436,3572,2,2,2,1
1437,4000,2,2,2,1
1438,2450,2,1,1,1
1439,2900,2,2,2,1
1440,3900,2,3,2,1
1441,2050,15,2,2,2
1442,2350,15,3,3,2
1443,2500,15,4,3,2
1444,1750,8,1,1,1
1445,2450,2,1,1,1
1446,1750,18,1,2,1
1447,2150,18,2,2,1
1448,3250,5,3,2,2
1449,2000,6.5,1,1,1
1450,2325,6.5,2,2,1
1451,3000,6.5,3,2,1
1452,1900,18,1,1,1
1453,2450,18,2,2,1
1454,3000,2,2,2,1
1455,6000,2,3,3,1
1456,3200,18,3,2,1
1457,2150,6,1,1,1
1458,2700,6,2,2,1
1459,2050,8,1,1,1
1460,3650,2,2,2,1
1461,3750,2,2,2,1
1462,2750,19,2,2,1
1463,2000,19,1,1,1
1464,2335,19,2,2,1
1465,2850,19,3,2,1
1466,1900,9,1,1,1
1467,2250,9,2,2,1
1468,3045,9,3,3,1
1469,3300,2,2,2,1
1470,4200,2,2,2,1
1471,4230,2,3,2,1
1472,2500,1,1,1,1
1473,3245,1,2,2,1
1474,3575,1,2,2,1
1475,2000,6,1,1,1
1476,2400,6,2,2,1
1477,3200,6,3,2,1
1478,2450,2,1,1,1
1479,2900,2,2,2,1
1480,3900,2,3,2,1
1481,3150,2,2,2,1
1482,3572,2,2,2,1
1483,4000,2,2,2,1
1484,2050,15,2,2,2
1485,2350,15,3,3,2
1486,2500,15,4,3,2
1487,1750,8,1,1,1
1488,2450,2,1,1,1
1489,1750,18,1,2,1
1490,2150,18,2,2,1
1491,3250,5,3,2,2
1492,2000,6.5,1,1,1
1493,2325,6.5,2,2,1
1494,3000,6.5,3,2,1
1495,1900,18,1,1,1
1496,2450,18,2,2,1
1497,3000,2,2,2,1
1498,6000,2,3,3,1
1499,3200,18,3,2,1
1500,2150,6,1,1,1
1501,2700,6,2,2,1
1502,2050,8,1,1,1
1503,3650,2,2,2,1
1504,3750,2,2,2,1
1505,2750,19,2,2,1
1506,2000,19,1,1,1
1507,2335,19,2,2,1
1508,2850,19,3,2,1
1509,1900,9,1,1,1
1510,2250,9,2,2,1
1511,3045,9,3,3,1
1512,3300,2,2,2,1
1513,4200,2,2,2,1
1514,4230,2,3,2,1
1515,2500,1,1,1,1
1516,3245,1,2,2,1
1517,3575,1,2,2,1
1518,2000,6,1,1,1
1519,2400,6,2,2,1
1520,3200,6,3,2,1
1521,3150,2,2,2,1
1522,3572,2,2,2,1
1523,4000,2,2,2,1
1524,2450,2,1,1,1
1525,2900,2,2,2,1
1526,3900,2,3,2,1
1527,2050,15,2,2,2
1528,2350,15,3,3,2
1529,2500,15,4,3,2
1530,1750,8,1,1,1
1531,2450,2,1,1,1
1532,1750,18,1,2,1
1533,2150,18,2,2,1
1534,3250,5,3,2,2
1535,2000,6.5,1,1,1
1536,2325,6.5,2,2,1
1537,3000,6.5,3,2,1
1538,1900,18,1,1,1
1539,2450,18,2,2,1
1540,3000,2,2,2,1
1541,6000,2,3,3,1
1542,3200,18,3,2,1
1543,2150,6,1,1,1
1544,2700,6,2,2,1
1545,2050,8,1,1,1
1546,3650,2,2,2,1
1547,3750,2,2,2,1
1548,2750,19,2,2,1
1549,2000,19,1,1,1
1550,2335,19,2,2,1
1551,2850,19,3,2,1
1552,1900,9,1,1,1
1553,2250,9,2,2,1
1554,3045,9,3,3,1
1555,3300,2,2,2,1
1556,4200,2,2,2,1
1557,4230,2,3,2,1
1558,2500,1,1,1,1
1559,3245,1,2,2,1
1560,3575,1,2,2,1
1561,2000,6,1,1,1
1562,2400,6,2,2,1
1563,3200,6,3,2,1
1564,2450,2,1,1,1
1565,2900,2,2,2,1
1566,3900,2,3,2,1
1567,3150,2,2,2,1
1568,3572,2,2,2,1
1569,4000,2,2,2,1
1570,2050,15,2,2,2
1571,2350,15,3,3,2
1572,2500,15,4,3,2
1573,1750,8,1,1,1
1574,2450,2,1,1,1
1575,1750,18,1,2,1
1576,2150,18,2,2,1
1577,3250,5,3,2,2
1578,2000,6.5,1,1,1
1579,2325,6.5,2,2,1
1580,3000,6.5,3,2,1
1581,1900,18,1,1,1
1582,2450,18,2,2,1
1583,3000,2,2,2,1
1584,6000,2,3,3,1
1585,3200,18,3,2,1
1586,2150,6,1,1,1
1587,2700,6,2,2,1
1588,2050,8,1,1,1
1589,3650,2,2,2,1
1590,3750,2,2,2,1
1591,2750,19,2,2,1
1592,2000,19,1,1,1
1593,2335,19,2,2,1
1594,2850,19,3,2,1
1595,1900,9,1,1,1
1596,2250,9,2,2,1
1597,3045,9,3,3,1
1598,3300,2,2,2,1
1599,4200,2,2,2,1
1600,4230,2,3,2,1
1601,2500,1,1,1,1
1602,3245,1,2,2,1
1603,3575,1,2,2,1
1604,2000,6,1,1,1
1605,2400,6,2,2,1
1606,3200,6,3,2,1
1607,2450,2,1,1,1
1608,2900,2,2,2,1
1609,3900,2,3,2,1
1610,3150,2,2,2,1
1611,3572,2,2,2,1
1612,4000,2,2,2,1
1613,2050,15,2,2,2
1614,2350,15,3,3,2
1615,2500,15,4,3,2
1616,1750,8,1,1,1
1617,2450,2,1,1,1
1618,1750,18,1,2,1
1619,2150,18,2,2,1
1620,3250,5,3,2,2
1621,2000,6.5,1,1,1
1622,2325,6.5,2,2,1
1623,3000,6.5,3,2,1
1624,1900,18,1,1,1
1625,2450,18,2,2,1
1626,3000,2,2,2,1
1627,6000,2,3,3,1
1628,3200,18,3,2,1
1629,2150,6,1,1,1
1630,2700,6,2,2,1
1631,2050,8,1,1,1
1632,3650,2,2,2,1
1633,3750,2,2,2,1
1634,2750,19,2,2,1
1635,2000,19,1,1,1
1636,2335,19,2,2,1
1637,2850,19,3,2,1
1638,1900,9,1,1,1
1639,2250,9,2,2,1
1640,3045,9,3,3,1
1641,3300,2,2,2,1
1642,4200,2,2,2,1
1643,4230,2,3,2,1
1644,2500,1,1,1,1
1645,3245,1,2,2,1
1646,3575,1,2,2,1
1647,2000,6,1,1,1
1648,2400,6,2,2,1
1649,3200,6,3,2,1
1650,3150,2,2,2,1
1651,3572,2,2,2,1
1652,4000,2,2,2,1
1653,2450,2,1,1,1
1654,2900,2,2,2,1
1655,3900,2,3,2,1
1656,2050,15,2,2,2
1657,2350,15,3,3,2
1658,2500,15,4,3,2
1659,1750,8,1,1,1
1660,2450,2,1,1,1
1661,1750,18,1,2,1
1662,2150,18,2,2,1
1663,3250,5,3,2,2
1664,2000,6.5,1,1,1
1665,2325,6.5,2,2,1
1666,3000,6.5,3,2,1
1667,1900,18,1,1,1
1668,2450,18,2,2,1
1669,3000,2,2,2,1
1670,6000,2,3,3,1
1671,3200,18,3,2,1
1672,2150,6,1,1,1
1673,2700,6,2,2,1
1674,2050,8,1,1,1
1675,3650,2,2,2,1
1676,3750,2,2,2,1
1677,2750,19,2,2,1
1678,2000,19,1,1,1
1679,2335,19,2,2,1
1680,2850,19,3,2,1
1681,1900,9,1,1,1
1682,2250,9,2,2,1
1683,3045,9,3,3,1
1684,3300,2,2,2,1
1685,4200,2,2,2,1
1686,4230,2,3,2,1
1687,2500,1,1,1,1
1688,3245,1,2,2,1
1689,3575,1,2,2,1
1690,2000,6,1,1,1
1691,2400,6,2,2,1
1692,3200,6,3,2,1
1693,2450,2,1,1,1
1694,2900,2,2,2,1
1695,3900,2,3,2,1
1696,3150,2,2,2,1
1697,3572,2,2,2,1
1698,4000,2,2,2,1
1699,2050,15,2,2,2
1700,2350,15,3,3,2
1701,2500,15,4,3,2
1702,1750,8,1,1,1
1703,2450,2,1,1,1
1704,1750,18,1,2,1
1705,2150,18,2,2,1
1706,3250,5,3,2,2
1707,2000,6.5,1,1,1
1708,2325,6.5,2,2,1
1709,3000,6.5,3,2,1
1710,1900,18,1,1,1
1711,2450,18,2,2,1
1712,3000,2,2,2,1
1713,6000,2,3,3,1
1714,3200,18,3,2,1
1715,2150,6,1,1,1
1716,2700,6,2,2,1
1717,2050,8,1,1,1
1718,3650,2,2,2,1
1719,3750,2,2,2,1
1720,2750,19,2,2,1
1721,2000,19,1,1,1
1722,2335,19,2,2,1
1723,2850,19,3,2,1
1724,1900,9,1,1,1
1725,2250,9,2,2,1
1726,3045,9,3,3,1
1727,3300,2,2,2,1
1728,4200,2,2,2,1
1729,4230,2,3,2,1
1730,2500,1,1,1,1
1731,3245,1,2,2,1
1732,3575,1,2,2,1
1733,2000,6,1,1,1
1734,2400,6,2,2,1
1735,3200,6,3,2,1
1736,2450,2,1,1,1
1737,2900,2,2,2,1
1738,3900,2,3,2,1
1739,3150,2,2,2,1
1740,3572,2,2,2,1
1741,4000,2,2,2,1
1742,2050,15,2,2,2
1743,2350,15,3,3,2
1744,2500,15,4,3,2
1745,1750,8,1,1,1
1746,2450,2,1,1,1
1747,1750,18,1,2,1
1748,2150,18,2,2,1
1749,3250,5,3,2,2
1750,2000,6.5,1,1,1
1751,2325,6.5,2,2,1
1752,3000,6.5,3,2,1
1753,1900,18,1,1,1
1754,2450,18,2,2,1
1755,3000,2,2,2,1
1756,6000,2,3,3,1
1757,3200,18,3,2,1
1758,2150,6,1,1,1
1759,2700,6,2,2,1
1760,2050,8,1,1,1
1761,3650,2,2,2,1
1762,3750,2,2,2,1
1763,2750,19,2,2,1
1764,2000,19,1,1,1
1765,2335,19,2,2,1
1766,2850,19,3,2,1
1767,1900,9,1,1,1
1768,2250,9,2,2,1
1769,3045,9,3,3,1
1770,3300,2,2,2,1
1771,4200,2,2,2,1
1772,4230,2,3,2,1
1773,2500,1,1,1,1
1774,3245,1,2,2,1
1775,3575,1,2,2,1
1776,2000,6,1,1,1
1777,2400,6,2,2,1
1778,3200,6,3,2,1
1779,2450,2,1,1,1
1780,2900,2,2,2,1
1781,3900,2,3,2,1
1782,3150,2,2,2,1
1783,3572,2,2,2,1
1784,4000,2,2,2,1
1785,2050,15,2,2,2
1786,2350,15,3,3,2
1787,2500,15,4,3,2
1788,1750,8,1,1,1
1789,2450,2,1,1,1
1790,1750,18,1,2,1
1791,2150,18,2,2,1
1792,3250,5,3,2,2
1793,2000,6.5,1,1,1
1794,2325,6.5,2,2,1
1795,3000,6.5,3,2,1
1796,1900,18,1,1,1
1797,2450,18,2,2,1
1798,3000,2,2,2,1
1799,6000,2,3,3,1
1800,3200,18,3,2,1
1801,2150,6,1,1,1
1802,2700,6,2,2,1
1803,2050,8,1,1,1
1804,3650,2,2,2,1
1805,3750,2,2,2,1
1806,2750,19,2,2,1
1807,2000,19,1,1,1
1808,2335,19,2,2,1
1809,2850,19,3,2,1
1810,1900,9,1,1,1
1811,2250,9,2,2,1
1812,3045,9,3,3,1
1813,3300,2,2,2,1
1814,4200,2,2,2,1
1815,4230,2,3,2,1
1816,2500,1,1,1,1
1817,3245,1,2,2,1
1818,3575,1,2,2,1
1819,2000,6,1,1,1
1820,2400,6,2,2,1
1821,3200,6,3,2,1
1822,3150,2,2,2,1
1823,3572,2,2,2,1
1824,4000,2,2,2,1
1825,2450,2,1,1,1
1826,2900,2,2,2,1
1827,3900,2,3,2,1
1828,2050,15,2,2,2
1829,2350,15,3,3,2
1830,2500,15,4,3,2
1831,1750,8,1,1,1
1832,2450,2,1,1,1
1833,1750,18,1,2,1
1834,2150,18,2,2,1
1835,3250,5,3,2,2
1836,2000,6.5,1,1,1
1837,2325,6.5,2,2,1
1838,3000,6.5,3,2,1
1839,1900,18,1,1,1
1840,2450,18,2,2,1
1841,3000,2,2,2,1
1842,6000,2,3,3,1
1843,3200,18,3,2,1
1844,2150,6,1,1,1
1845,2700,6,2,2,1
1846,2050,8,1,1,1
1847,3650,2,2,2,1
1848,3750,2,2,2,1
1849,2750,19,2,2,1
